{
  "spritemap": {
    "1_1": {
      "start": 0.0,
      "end": 0.875986
    },
    "1_10": {
      "start": 0.875986,
      "end": 1.751972
    },
    "1_11": {
      "start": 1.751972,
      "end": 2.690521
    },
    "1_12": {
      "start": 2.690521,
      "end": 3.550861
    },
    "1_13": {
      "start": 3.550861,
      "end": 4.364285
    },
    "1_14": {
      "start": 4.364285,
      "end": 5.1933549999999995
    },
    "1_15": {
      "start": 5.1933549999999995,
      "end": 6.163195999999999
    },
    "1_2": {
      "start": 6.163195999999999,
      "end": 6.97662
    },
    "1_3": {
      "start": 6.97662,
      "end": 7.743128
    },
    "1_4": {
      "start": 7.743128,
      "end": 8.52526
    },
    "1_5": {
      "start": 8.52526,
      "end": 9.3856
    },
    "1_6": {
      "start": 9.3856,
      "end": 10.199024
    },
    "1_7": {
      "start": 10.199024,
      "end": 11.121948999999999
    },
    "1_8": {
      "start": 11.121948999999999,
      "end": 11.810225999999998
    },
    "1_9": {
      "start": 11.810225999999998,
      "end": 12.795713999999998
    },
    "2_1": {
      "start": 12.795713999999998,
      "end": 13.531064999999998
    },
    "2_10": {
      "start": 13.531064999999998,
      "end": 14.767504999999998
    },
    "2_11": {
      "start": 14.767504999999998,
      "end": 15.701359999999998
    },
    "2_12": {
      "start": 15.701359999999998,
      "end": 16.483967999999997
    },
    "2_13": {
      "start": 16.483967999999997,
      "end": 17.442992999999998
    },
    "2_14": {
      "start": 17.442992999999998,
      "end": 18.412765999999998
    },
    "2_15": {
      "start": 18.412765999999998,
      "end": 19.391790999999998
    },
    "2_16": {
      "start": 19.391790999999998,
      "end": 20.38975
    },
    "2_17": {
      "start": 20.38975,
      "end": 21.538208
    },
    "2_18": {
      "start": 21.538208,
      "end": 22.390657
    },
    "2_19": {
      "start": 22.390657,
      "end": 23.52043
    },
    "2_2": {
      "start": 23.52043,
      "end": 24.287777000000002
    },
    "2_20": {
      "start": 24.287777000000002,
      "end": 25.407958
    },
    "2_3": {
      "start": 25.407958,
      "end": 26.228616000000002
    },
    "2_4": {
      "start": 26.228616000000002,
      "end": 27.32984
    },
    "2_5": {
      "start": 27.32984,
      "end": 28.55891
    },
    "2_6": {
      "start": 28.55891,
      "end": 29.816688
    },
    "2_7": {
      "start": 29.816688,
      "end": 31.010475
    },
    "2_8": {
      "start": 31.010475,
      "end": 32.246915
    },
    "2_9": {
      "start": 32.246915,
      "end": 33.270022000000004
    },
    "3_1": {
      "start": 33.270022000000004,
      "end": 34.245101000000005
    },
    "3_10": {
      "start": 34.245101000000005,
      "end": 35.099976000000005
    },
    "3_11": {
      "start": 35.099976000000005,
      "end": 35.861337000000006
    },
    "3_12": {
      "start": 35.861337000000006,
      "end": 36.63605400000001
    },
    "3_13": {
      "start": 36.63605400000001,
      "end": 37.54433100000001
    },
    "3_14": {
      "start": 37.54433100000001,
      "end": 38.47934200000001
    },
    "3_15": {
      "start": 38.47934200000001,
      "end": 39.22732400000001
    },
    "3_16": {
      "start": 39.22732400000001,
      "end": 40.12224500000001
    },
    "3_17": {
      "start": 40.12224500000001,
      "end": 40.963742
    },
    "3_18": {
      "start": 40.963742,
      "end": 41.845307000000005
    },
    "3_19": {
      "start": 41.845307000000005,
      "end": 42.606668000000006
    },
    "3_2": {
      "start": 42.606668000000006,
      "end": 43.38138500000001
    },
    "3_20": {
      "start": 43.38138500000001,
      "end": 44.26295000000001
    },
    "3_21": {
      "start": 44.26295000000001,
      "end": 45.144492000000014
    },
    "3_22": {
      "start": 45.144492000000014,
      "end": 45.959299000000016
    },
    "3_23": {
      "start": 45.959299000000016,
      "end": 46.707281000000016
    },
    "3_3": {
      "start": 46.707281000000016,
      "end": 47.69571600000002
    },
    "3_4": {
      "start": 47.69571600000002,
      "end": 48.55056900000002
    },
    "3_5": {
      "start": 48.55056900000002,
      "end": 49.48558000000002
    },
    "3_6": {
      "start": 49.48558000000002,
      "end": 50.34043300000002
    },
    "3_7": {
      "start": 50.34043300000002,
      "end": 51.32886800000002
    },
    "3_8": {
      "start": 51.32886800000002,
      "end": 52.15700900000002
    },
    "3_9": {
      "start": 52.15700900000002,
      "end": 52.94505900000002
    },
    "4_1": {
      "start": 52.94505900000002,
      "end": 53.94145400000002
    },
    "4_10": {
      "start": 53.94145400000002,
      "end": 54.96984400000002
    },
    "4_11": {
      "start": 54.96984400000002,
      "end": 56.37156700000002
    },
    "4_12": {
      "start": 56.37156700000002,
      "end": 57.58129500000002
    },
    "4_13": {
      "start": 57.58129500000002,
      "end": 58.94034300000002
    },
    "4_14": {
      "start": 58.94034300000002,
      "end": 59.86206600000002
    },
    "4_15": {
      "start": 59.86206600000002,
      "end": 60.98138600000002
    },
    "4_16": {
      "start": 60.98138600000002,
      "end": 62.073767000000025
    },
    "4_17": {
      "start": 62.073767000000025,
      "end": 63.294152000000025
    },
    "4_18": {
      "start": 63.294152000000025,
      "end": 64.53587500000002
    },
    "4_19": {
      "start": 64.53587500000002,
      "end": 65.43626000000002
    },
    "4_2": {
      "start": 65.43626000000002,
      "end": 66.70997900000002
    },
    "4_20": {
      "start": 66.70997900000002,
      "end": 67.81304000000002
    },
    "4_3": {
      "start": 67.81304000000002,
      "end": 68.94610100000001
    },
    "4_4": {
      "start": 68.94610100000001,
      "end": 70.00149800000001
    },
    "4_5": {
      "start": 70.00149800000001,
      "end": 71.36081800000001
    },
    "4_6": {
      "start": 71.36081800000001,
      "end": 72.68787
    },
    "4_7": {
      "start": 72.68787,
      "end": 73.811339
    },
    "4_8": {
      "start": 73.811339,
      "end": 75.149049
    },
    "4_9": {
      "start": 75.149049,
      "end": 76.390772
    },
    "5_1": {
      "start": 76.390772,
      "end": 77.232609
    },
    "5_10": {
      "start": 77.232609,
      "end": 78.17499
    },
    "5_11": {
      "start": 78.17499,
      "end": 79.067099
    },
    "5_12": {
      "start": 79.067099,
      "end": 79.783289
    },
    "5_13": {
      "start": 79.783289,
      "end": 80.58746099999999
    },
    "5_2": {
      "start": 80.58746099999999,
      "end": 81.50469499999998
    },
    "5_3": {
      "start": 81.50469499999998,
      "end": 82.39682699999999
    },
    "5_4": {
      "start": 82.39682699999999,
      "end": 83.21984299999998
    },
    "5_5": {
      "start": 83.21984299999998,
      "end": 84.11195199999999
    },
    "5_6": {
      "start": 84.11195199999999,
      "end": 84.86585199999999
    },
    "5_7": {
      "start": 84.86585199999999,
      "end": 85.770546
    },
    "5_8": {
      "start": 85.770546,
      "end": 86.63753
    },
    "5_9": {
      "start": 86.63753,
      "end": 87.55476399999999
    },
    "6_1": {
      "start": 87.55476399999999,
      "end": 88.404129
    },
    "6_10": {
      "start": 88.404129,
      "end": 89.316419
    },
    "6_11": {
      "start": 89.316419,
      "end": 90.23920799999999
    },
    "6_12": {
      "start": 90.23920799999999,
      "end": 91.03614699999999
    },
    "6_13": {
      "start": 91.03614699999999,
      "end": 91.89598799999999
    },
    "6_14": {
      "start": 91.89598799999999,
      "end": 92.65095399999998
    },
    "6_15": {
      "start": 92.65095399999998,
      "end": 93.48984299999998
    },
    "6_16": {
      "start": 93.48984299999998,
      "end": 94.27628299999998
    },
    "6_17": {
      "start": 94.27628299999998,